1,4000,Disconnect
2,9990,Parrot
3,101,Tac-101
4,102,Tac-102
5,103,Tac 103
6,104,Tac-104
7,105,Tac-105
8,106,Tac-106
9,107,Tac-107
10,108,Tac-108
11,109,Tac-109
12,110,North America
13,111,Europe
14,112,Asia Pacific
15,113,World Wide En
16,114,World Wide
17,115,HAM BAND HOOK
18,116,United Kingdo
19,117,HF TALK
20,118,Sailing Hams
21,119,The Complaint
22,120,N4LLC Allstar
23,121,UK 1 to 1 Cha
24,122,Fun House Cha
25,123,Trucker Talk
26,124,BlueDV/DudeSt
27,125,Drink Beer Ge
28,126,Debate
29,127,KC1MAC
30,128,Network Radio
31,129,DMR-Current E
32,130,TGIF SKYWARN
33,131,LoRa OFF-Grid
34,132,Connecticut
35,134,TGIF 24/7 lou
36,135,Northern New 
37,136,Japan 136
38,137,NRT JPN Group
39,138,XLX138 XNexus
40,139,Arizona Mohav
41,140,Ham Projects
42,141,US Australia 
43,142,SCARG (Sun Ci
44,143,Western Kentu
45,144,Allstar Echol
46,145,NFLARC
47,146,Computer Loun
48,147,TG IND
49,148,XLX148 Thaila
50,149,XLX149 Thaila
51,150,SSTV
52,151,Wild West Ama
53,152,Beginners Lou
54,153,FRANKLIN MOUN
55,154,HELLAS - MAGN
56,155,Caldwell Coun
57,156,Lenoir Amateu
58,157,Caldwell Coun
59,158,HELLAS-29250M
60,159,Iu7nlw
61,160,Urban Ops
62,161,West Indies
63,162,Campfire Chat
64,163,Bluegrass Ken
65,164,K4FSG
66,165,XLX165-DIGITA
67,166,Route 66
68,167,ÈæçÈæçÈæç
69,168,i-ro-ha
70,169,PacNW WA Hams
71,170,The Gentleman
72,171,DX WORLD-WIDE
73,173,New Ham Elmer
74,174,Worldwide Wea
75,175,JDCC Group
76,176,FLORIDA MALL 
77,177,Spiritual The
78,178,Buxton Radio 
79,180,CRARC
80,181,Old Buzzards
81,182,ATV (All Terr
82,183,CPS - Radio C
83,184,NA0D Repeater
84,186,Klamath Count
85,187,BoneHead Digi
86,188,ÈæçÈæçÈæç
87,190,NWPA DMR
88,191,Photography
89,195,N.Va I-95 and
90,196,QuadNet Tech 
91,198,Technology Fi
92,199,Ham Radio Wor
93,200,Suffolk Ham W
94,201,Testing/Exper
95,202,Testing/Exper
96,203,Florida Skywa
97,204,Tennessee (TN
98,205,Elevated RF
99,206,BELGIUM MAIN 
100,207,Northern Main
101,208,North Idaho N
102,209,Oregon ARES
103,210,Bridgecom Sys
104,211,HELLAS CQ Zon
105,212,NRT2 JPN Grou
106,213,Los Angeles C
107,214,Southern Penn
108,215,Philadelphia
109,216,216
110,217,Ham Radio Soc
111,218,Klamath Basin
112,219,Ham Vegas
113,220,KC5T 220Mhz 
114,221,Sherlock Hams
115,222,CERT-SPAIN
116,223,FreeDMR-ITALY
117,224,Amateur Telev
118,225,Sapporo Japan
119,226,Romania
120,228,Switzerland
121,230,OK1KKY
122,232,Austria
123,234,UK Leicesters
124,235,235 Alive
125,236,Nervous Nodes
126,237,CQ-WORLD
127,238,Denmark
128,240,Sweden
129,241,Pacific Commu
130,242,NORWAY
131,244,South Devon R
132,245,Hitachi Japan
133,247,UK RAGCHEW
134,248,LincsLink
135,249,Possum Lodge
136,250,CCARS
137,253,KC3YWT
138,255,Bannaderm Sur
139,256,NARA-AL
140,260,Poland
141,262,GGM Radio
142,267,pasola club
143,268,Portugal Naci
144,270,Johnston Amat
145,272,Colorado Repe
146,276,Southwestern 
147,278,Malta
148,284,Bulgaria
149,286,Turkey
150,287,North New Jer
151,288,Faroe Islands
152,290,YSF_America_L
153,293,P25 talk
154,294,Makedonija
155,295,Digital Water
156,300,The Cigar Lou
157,302,Canada Wide 
158,304,Appalachian R
159,305,HAM and IT
160,306,West Virginia
161,307,Wyoming
162,308,The Palmetto 
163,309,Western Illin
164,310,InterConnecti
165,311,Plain  Japane
166,312,West Central 
167,313,Ogemaw County
168,314,PA CREW
169,315,FCARCNC
170,318,Michigan
171,319,YLSystem
172,320,QuadNet Array
173,321,1776
174,323,California St
175,324,Suncoast Amat
176,325,FreeSTAR Worl
177,326,Fireside Radi
178,327,Side by Side 
179,328,Thin Blue Lin
180,329,Skymira-Demo
181,330,Puerto Rico
182,333,Pecos County 
183,334,Mexico
184,340,USVI
185,343,Southern Auxc
186,344,WM7C
187,345,Rockingham Co
188,347,Digital Advan
189,350,KOTA-LINK
190,351,ATEAM
191,352,Friendliest R
192,353,Nixa (NPS)
193,356,Digital Learn
194,357,All Freemason
195,358,CSRA TALK
196,360,Ferndale ACS
197,361,ORLANDO LOCAL
198,367,Bottomdweller
199,368,Cuba TGIF Gro
200,369,FusionNet
201,370,RESENHA DIGIT
202,373,TGIF 373
203,374,Trinidad and 
204,377,PARC RADIO
205,380,Inrico 380 Ch
206,381,M7TNO 
207,386,Digital Voice
208,390,W4JMD NC 390
209,391,W4JMD NC 390+
210,392,W4JMD 390+123
211,399,Cardinal Talk
212,400,UAV Talk
213,404,404 Not Found
214,405,Lake Royale N
215,406,Studio B
216,407,Outer Banks N
217,410,Eastern NC
218,411,The Carolinas
219,412,Raleigh
220,413,Sri Lanka Ama
221,414,41 for Freedo
222,415,The 415
223,416,The 416
224,417,Elarz
225,419,Kuwait
226,420,420 Super Fre
227,421,CITMIL
228,422,ÈæòÈæòÈæò
229,424,K6KCP jimlips
230,425,Israel Networ
231,426,Bahrain A92AA
232,431,W5CBT Group
233,432,Jedi Signal C
234,433,(eXit 91) AB6
235,434,CVILLE
236,437,RAF Ramsbury 
237,440,Carolina 440
238,441,Camp Lejeune 
239,442,C 440 CHAT 2
240,443,Northeast Hik
241,444,Twin Rivers A
242,450,(FRNPA)1st Re
243,451,Blue Knights 
244,453,Holiday Oasis
245,454,PR-RAW/RARE/S
246,455,PR Smoke Hous
247,456,Storm Chasers
248,459,4040290
249,460,China Interne
250,461,China 461 TGI
251,463,Koinonia
252,466,Bluestone Ama
253,469,DFW Metro
254,470,Bangladesh TG
255,473,AllStarLink D
256,479,Arkansas Bapt
257,484,Satanic DELCO
258,488,Amateur Satel
259,500,W6LIE
260,501,BBQ
261,502,GUATEMALA
262,503,El Salvador
263,505,Santa Fe
264,508,New England R
265,509,Washington St
266,510,Indonesian Am
267,511,XLX681 Dayton
268,512,xplane12 and 
269,513, Outdoors Mic
270,515,PILIPINAS 515
271,517,RadioSC D-STA
272,518,ADK
273,520,Northern Neck
274,523,Metamucil Guy
275,527,SWCRS Southwe
276,529,Miami CQ-DX H
277,531,8075AMC
278,545,Twisted Minds
279,550,Calumet Radio
280,555,Beekeepers
281,556,ARFCOMM
282,559,Central Valle
283,561,South Florida
284,565,DMR Talk
285,573,NC East
286,575,Southern New 
287,577,myGMRS
288,578,SW OHIO
289,585,Western New Y
290,589,Science Talk
291,595,KD0KAH P25
292,599,Radio Bug
293,600,Rio Rancho NM
294,601,Magnolia Link
295,603,GS Radio Club
296,604,TGIF MAROC
297,605,TGIF Digital 
298,606,Southeastern 
299,607,Volunteer Exa
300,609,AREA 609
301,610, Zone of acti
302,611,Trek Forth
303,612,Drones
304,613,CA National C
305,615,Table of Wisd
306,618,618Comms
307,623,Space Coast F
308,625,XLX625 CQ-Mic
309,631,W2YMM_HUB
310,650,CaribLink
311,661,Tehachapi CA
312,662,DixieDMR
313,664,DAD TALK NET 
314,665,TGIF HamCatio
315,666,HAMS &amp; th
316,677,Park2Park Net
317,681,West Virginia
318,690,KOOLBEANZ 69Z
319,696,URS Ottawa On
320,700,Albuquerque N
321,701,OPLive Live P
322,704,Carolina Stor
323,705,PeterboroughA
324,706,Dogpound
325,707,Rural Minneso
326,708,North Dakota
327,709,Fargo ND
328,710,Nicaragua 
329,711,The Las Vegas
330,712,Costa Rica
331,713,Houston Metro
332,715,Nakoso
333,716,Peru
334,717,DMR-717
335,720,K0PRA Parker 
336,721,OZARC NET
337,724,Brazil
338,725,SALA DOS BRAS
339,726,Alamo City TG
340,727,Illinois Sear
341,730,Chile
342,732,ZONA HJ Y HK
343,733,PINELLAS
344,734,MCC VENEZUELA
345,735,BuddingHams
346,737,Flight Simula
347,738,VU2HS
348,740,Drinking Wate
349,741,SevenFortyOne
350,744,BAY AREA RADI
351,747,ADS-B Planesp
352,750,Gaston County
353,754,SC-HoneyBadge
354,756,Ham Radio Lif
355,757,Southeastern 
356,758,YYG 758
357,762,Hammock Campi
358,765,AZ Cacti
359,767,Airline Pilot
360,772,Team Coast Gu
361,784,ST VINCENT 
362,787,MS Flight Sim
363,789,SCARC OPS
364,791,FTS EHIME HAM
365,797,TexasGMRS Net
366,799,hamradiohack
367,800,Central India
368,801,MI-UT Link
369,802,Ham Garage
370,803,Satellite Bus
371,805,US-RocketCity
372,806,TG Group 806
373,807,JE1ZTA Daikon
374,810,All-R-WELCOME
375,811,Oakland Count
376,812,Kids on the a
377,813,Good Old Boys
378,814,Western Penns
379,815,Fun Machine L
380,818,XLX818
381,819,CCO
382,824,Lids of Disco
383,828,WNC-link
384,831,Santa Cruz
385,835,Catskill Hams
386,839,Outlaws Radio
387,840,Overlanding C
388,841,ORN Special O
389,842,United States
390,843,Grand Strand 
391,845,Ham and Tech
392,847,North Shore H
393,850,Florida Panha
394,851,ZMR Group 851
395,855,Casa Grande-M
396,863,Hardee County
397,864,SC Upstate
398,865,Knoxville Dig
399,868,ÈæçÈæçÈæç
400,869,Paranormal Ne
401,870,The Arkansas 
402,872,Right Wing Po
403,886,ÈæòÈæòÈæò
404,888,Mike's Playho
405,889,Lucky LMR
406,893,893 Net Japan
407,900,ZMR Group 900
408,901,Memphis TN Me
409,902,900 MHz
410,903,TARA-TAC
411,904,Atrandom-Kure
412,906,KC8NWS Yooper
413,907,JOTA
414,909,Samson Collec
415,910,Cape Fear Ama
416,912,GRANADA
417,915,WW-Portuguese
418,916,kettering and
419,918,Tulsa Oklahom
420,919,OCRA (NC)
421,925,The Working C
422,927,Maryland Crab
423,928,The Kingman's
424,930,PAN HELLENIC
425,931,ARESMCTN
426,932,Decamps
427,936,VARG
428,938,XLX138 Thaila
429,941,Sarasota and 
430,945,The Parkway
431,950,TG 950 
432,951,IE
433,960,PWH-NorCal
434,961,Beirut
435,966,North country
436,969,Digital Voice
437,970,Ole Virginia 
438,974,974 ALT.
439,985,ARCCC Inc.
440,986,ctga
441,989,BAARC / Bay C
442,994,M0VVA group r
443,995,BARTS Tucson-
444,999,Italy
445,1000,DXMarathon
446,1001,Central Texas
447,1004,Palm Springs 
448,1007,Harley Hangou
449,1008,TAC 1007
450,1010,WWARC
451,1014,SWFL LEE
452,1015,Uk Digital Ha
453,1016,Radio Work
454,1017,M17 project
455,1021,Western Color
456,1022,Northwest Col
457,1023,SAILORTG
458,1024,Northeast Col
459,1025,Georgia Tacne
460,1031,Starfleet Ama
461,1033,The Scanner J
462,1056,Guarda 1056 P
463,1059,(SWRClub)
464,1105,KG4TRV Achine
465,1111,Cw morse code
466,1114,STARFIELD
467,1119,Knights Templ
468,1120,EMERGENCIAS A
469,1122,Internet Hams
470,1150,UK Foundation
471,1155,K4NCU Link Sy
472,1169,Northern Main
473,1182,Lannom Family
474,1198,RETASO ALLIED
475,1207,Mid Maine
476,1222,West Alabama 
477,1225,Railfanning/h
478,1234,MAREMAGNUM
479,1251,Siquijor Isla
480,1257,GB-LADAR
481,1259,Nature Coast 
482,1260,M1ke users gr
483,1277,LACDCS
484,1307,Happy Hour Qu
485,1313,Motorcycle an
486,1316,WX5DEL Ragche
487,1320,Graves County
488,1325,8 USC 1325 W7
489,1330,The Trapline
490,1335,NOVA SCOTIA(o
491,1337,1337 sp34k
492,1371,Roaming VK
493,1375,Whiskey Tango
494,1393,Hatsune Miku 
495,1401,Southern WV B
496,1433,Ham Hang Out
497,1458,Isle Of Avalo
498,1468,CENTRAL COAST
499,1508,Cape Cod 
500,1509,FOG
501,1521,Toyota Overla
502,1527,Wheel Tappers
503,1555,W4OTS-Western
504,1608,YJE VoIP_Link
505,1613,The Rubber Bo
506,1616,TA HAMRADƒ∞O
507,1635,TBLabs Amateu
508,1701,Out Of This W
509,1717,DroidStarNet
510,1735,EGERAD ACIL A
511,1745,US Patriots
512,1752,Electricians
513,1765,Liberty Prepp
514,1775,SFMF
515,1776,PrepperNet
516,1777,MPURN
517,1778,Appalachian I
518,1784,J88HAMS
519,1786,Georgia Freem
520,1789,AmRRON
521,1801,SC Gamecock t
522,1804,Haiti - Indep
523,1818,Chaverim Radi
524,1836,Arkansas 
525,1841,CQ-Michigan
526,1842,The Citadel
527,1845,iHAM
528,1860,Classical Mus
529,1861,GSOCS
530,1863,Carolina Coas
531,1864,Nevada- The B
532,1870,CLUB CHAT
533,1873,SASS Cowboy A
534,1879,KURVY
535,1881,King George A
536,1901,Alabama Prepp
537,1907,Scout Radio N
538,1909,Sam's Corner
539,1911,Midnight Madn
540,1912,Arizona Cactu
541,1915,El Paso DMR
542,1919,American Legi
543,1928,Motorola Enth
544,1934,Philosophy/Li
545,1938,Bury Radio So
546,1939,NIARA
547,1940,CenTex CrossR
548,1942,AMATEURS LEAR
549,1945,WW 2 History
550,1947,UFO (UAP) Wit
551,1948,ohenrosan
552,1950,DESBRAVADORES
553,1952,Amplitude Mod
554,1957,Sci Chat Scie
555,1960,CO/TN
556,1961,9J2RD_TEST
557,1963,PAUSE-FOR-THE
558,1964,The Round Tab
559,1965,ik1icf
560,1966,1966 RADIO CL
561,1968,304 Park Chas
562,1969,Baofeng Boiz
563,1971,Midlands Talk
564,1972,DXHAMS
565,1973,Washington St
566,1975,BosNET
567,1976,Hamr
568,1978,No SAD Hams
569,1979,Kentuckiana
570,1980,AmateurWire
571,1981,NASA - Space 
572,1983,Stubblefield 
573,1984,NEW HAMPSHIRE
574,1985,N4RMZ BR
575,1989,Somerset Chat
576,1990,YOUNG HAMS HA
577,1992,Welsh-Connect
578,1993,KD2RPP ROOM 
579,1994,I-LOVE-DMR
580,1995,Connecticut S
581,1996,Rhode Island 
582,1997,Vermont State
583,1998,Massachusetts
584,1999,New Hampshire
585,2000,Maine State W
586,2001,Heady Music C
587,2002,AKDENIZ RADYO
588,2003,turk konferan
589,2004,Linux Talk
590,2005,SKYWARN OF MA
591,2009,Motorcycle Ha
592,2013,GB13COL
593,2014,Bartlesville 
594,2016,GRIMES COUNTY
595,2017,Easy to Hear 
596,2020,Economics bee
597,2021,Free Speech R
598,2022,US Patriot 
599,2023,SMD 
600,2024,LETS GO BRAND
601,2025,HELLAS - DODE
602,2026,HELLAS - EPIR
603,2027,Hellas-2027
604,2028,HELLAS - AEGE
605,2029,SV2SNH
606,2041,Netherlands
607,2042,Kingston Chat
608,2054,Lanarkshire L
609,2061,BELGIUM FLEMI
610,2091,Klamath Count
611,2100,100 Watts and
612,2101,HCARA
613,2111,Zicsi
614,2112,Drummers Worl
615,2116,English Squar
616,2120,US-AMERICA 75
617,2121,Gisborne NZ 
618,2133,2MC
619,2135,Somos Latinos
620,2140,SPAIN-LINK
621,2145,EARadio
622,2147,SALA ANDALUCI
623,2165,K6JWN AllStar
624,2170,The Oregon Tr
625,2171,Model Railroa
626,2182,AIS and vesse
627,2211,Fat Bike
628,2215,New Mexico ZE
629,2222,Youth Link
630,2236,Digital Talk 
631,2241,TGIF Cyber Ve
632,2242,Fed United DM
633,2249,Sicilia
634,2250,Procida Islan
635,2261,District YO R
636,2262,YO-Banat
637,2263,District YO3 
638,2265,TG ARDEALUL
639,2266,BridgeCom
640,2280,Antique Radio
641,2281,Suisse romand
642,2322,Salisbury Ham
643,2323,Ghost Spirits
644,2340,The Black She
645,2345,CQ North
646,2348,Grumpy Old Gi
647,2350,UK ChatterBOX
648,2351,CQ-UK WiresX
649,2352,UK ChatterBOX
650,2353,UK ChatterBOX
651,2354,UK ChatterBOX
652,2355,Scotland
653,2356,2356 CYMRU
654,2357,ISLE of MAN
655,2358,Digital Engla
656,2359,Night Owls No
657,2368,M7IAU
658,2376,AFRN
659,2378,CERT
660,2380,UK Chat 1
661,2381,UK Chat 2
662,2382,UK Chat 3
663,2383,UK Chat 4
664,2384,UK Chat 5
665,2400,Disc Golf Wor
666,2403,
667,2405,Sweden SM5
668,2406,Sweden SM6 24
669,2407,Sweden SM7
670,2408,Teknik
671,2410,BARF Benzie A
672,2413,MRI BRIDGE - 
673,2416,D7AUXCOMM 
674,2424,R2D3PO
675,2442,ConquestArms
676,2451,BAGNOLI RADIO
677,2500,The Hide Out 
678,2501,Russia
679,2516,Useful tips
680,2544,Black Sheep H
681,2548,Kairali Hams
682,2551,Ukraine
683,2555,All-Ukrainian
684,2572,The Cone of S
685,2585,ROC-HAM Radio
686,2600,Drones
687,2601,Firefighter N
688,2602,TGIF POLONIA
689,2610,ARPR
690,2625,ZRB Ex
691,2626,RSO-26
692,2628,Bavaria
693,2629,DL-TGIF-Users
694,2640,DXCODE
695,2681,NE Tennessee/
696,2700,Old Melbourne
697,2735,Potomac Radio
698,2754,Churchill
699,2775,WARNS Upstate
700,2781,YO2/HD
701,2790,PBC-REACT-TEA
702,2800,NC Raleigh-Ga
703,2834,E25XLD
704,2840,TGIF-FDMR-BG
705,2857,Cab Coun
706,2860,BOLGE-0
707,2861,QRV73
708,2866,Turkish Radio
709,2900,FM29er's
710,2917,Guns N Ammo
711,2918,West Georgia 
712,2950,Ham Radio Dra
713,2969,Worldwide PRI
714,3000,N7PSR
715,3008,CANWARN - NFL
716,3009,CANWARN - NOV
717,3010,CANWARN - NEW
718,3011,CANWARN - QUE
719,3012,CANWARN - ONT
720,3013,CANWARN - MAN
721,3014,CANWARN - SAS
722,3015,CANWARN - ALB
723,3016,CANWARN - BRI
724,3017,CANWARN - YUK
725,3018,CANWARN - NOR
726,3019,CANWARN - NUN
727,3020,Canada's Nati
728,3021,Manotick Amat
729,3022,Francophone C
730,3023,Ontario Bridg
731,3024,SODA
732,3025,Russian Speak
733,3026,Alberta Link
734,3030,CANADA'S ADVE
735,3031,Meshtastic &a
736,3039,native new yo
737,3050,Atlantic Cana
738,3060,Night Chat
739,3102,Alaska TGIF
740,3104,Arizona
741,3105,Little Rock M
742,3106,NW Phoenix Az
743,3108,The Dashing H
744,3110,Delaware Stat
745,3112,Florida State
746,3113,Georgia
747,3118,INDIANA STATE
748,3120,Lexington Ken
749,3121,Kentucky Stat
750,3122,Louisiana Sta
751,3124,Maryland Stat
752,3126,Michigan Stat
753,3127,Minnesota Sta
754,3128,Mississippi
755,3129,Missouri
756,3132,Nevada Statew
757,3134,New Jersey
758,3135,New Mexico (N
759,3137,North Carolin
760,3139,Ohio TGIF
761,3140,OKLAHOMA
762,3141,HANDIHAM RADI
763,3142,Pennsylvania 
764,3144,Rhode Island 
765,3145,South Carolin
766,3146,South Dakota 
767,3147,Tennessee
768,3148,Texas
769,3149,Utah
770,3150,Utahs Dixie
771,3151,Oregon
772,3152,Northern Virg
773,3154,Rooster Radio
774,3155,Wisconsin
775,3156,Wyoming Alt
776,3157,Jacksonville 
777,3158,North Florida
778,3159,North Florida
779,3160,Florida Open 
780,3162,La Isla
781,3165,RF Radio Sign
782,3174,Allstar 21792
783,3175,The FOG
784,3180,MO PREPPERS &
785,3181,Southwest Mic
786,3185,Greater Bridg
787,3198,National Hurr
788,3200,Oregon statew
789,3206,kaliman
790,3232,Ham Tech
791,3233,SIGLAT
792,3307,Paranormal Hu
793,3321,RambosAndRadi
794,3340,MEXICO TGIF-F
795,3357,NJ Masonic Am
796,3363,Talk All You 
797,3373,No Agenda Ham
798,3375,Mountain Topp
799,3388,Hong Kong
800,3420,The Canada Hu
801,3445,Georgia Radio
802,3456,Skyscraper
803,3473,The Campfire
804,3481,Dunstable Dow
805,3495,AMBULANCE TAL
806,3501,NJDXERS
807,3521,CSIRT Italia
808,3622,Warawara Netw
809,3690,Dr Parrot's O
810,3698,World Wide Ra
811,3700,El Kiosko
812,3720,Haiti Digital
813,3728,Departement S
814,3740,REACT
815,3776,narusawabase
816,3777,PNW Overlande
817,3803,K3SDL-DIGITAL
818,3814,StMax
819,3816,Nuts of 3.816
820,3819,3819 HF Net
821,3824,Vanilla TG
822,3843,Three Blind R
823,3860,Potomac Valle
824,3871,Donny 375
825,3907,AB3C 3907 Tal
826,3916,Freewheelers
827,3923,NCBM DR
828,3926,V55 KERAMAT
829,3933,Black Sheep L
830,3939,Hatsune Miku 
831,3990,Rooster Net
832,4006,Hatcho repeat
833,4009,NOOGATA HAM C
834,4010,Hatcho repeat
835,4040,Czech/Slovak/
836,4050,I'll be at th
837,4051,OKC Metro
838,4060,NN9P PRAIRIEL
839,4100,Crane Heads
840,4101,Public Safety
841,4107,CavCom Amateu
842,4111,411 Info
843,4134,Central Flori
844,4140,AUX SAR 
845,4150,Lebanon DMR
846,4163,Mon County cl
847,4164,MORGANTOWN MO
848,4187,TGIF4187
849,4200,Canabis - Mar
850,4201,CDARIN
851,4202,CDARIN TAC
852,4211,Cambria TAC
853,4242,Freedom radio
854,4250,Good Conversa
855,4261,MUD POND
856,4291,Law Enforceme
857,4320,KE0APG AllSta
858,4321,ARISS/AMSAT
859,4357,Helpdesk
860,4380,Missing Veter
861,4400,Hondo Canyon 
862,4401,Community Com
863,4412,CommsConnectU
864,4419,West Texas Ya
865,4420,8075AMC
866,4422,KQ4MUG BRIDGE
867,4440,W0OFK AllStar
868,4444,MY-PYLLOW-BR
869,4449,North America
870,4455,W0OFK UHF All
871,4476,Gaston Radio 
872,4481,Gensler
873,4487,Athletics
874,4499,K0LNY
875,4584,Great Lakes D
876,4601,China 4601 di
877,4602,‰∏≠ÂõΩ‰∫åÂå∫
878,4610,China 4610 TG
879,4611,China 4611 TG
880,4620,PROhO Signal 
881,4647,Hams Over IP 
882,4649,TOKYO MOBILE 
883,4692,Iowa Statewid
884,4711,Dankai Net Gr
885,4714,Ham Radio Soc
886,4742,American Red 
887,4756,Stjohnvalley
888,4868,Fox Hunts
889,4900,Japan 4900
890,4907,The New York 
891,4935,Malfunction J
892,4962,Cajun Rag Che
893,5000,SLMRT TEST
894,5031,El Salvador Z
895,5050,OTTAWA Ontari
896,5100,Northern Idah
897,5105,AMATEUR RIAU 
898,5150,The Talking S
899,5151,Heathen/Pagan
900,5153,DX3T JARC Tal
901,5155,KPR
902,5168,3D Printing
903,5209,VRA - Thailan
904,5255,YGK Tech Talk
905,5280,Colorado Fron
906,5300,The American 
907,5302,ZL2 Gisborne 
908,5304,MIRATS: Michi
909,5309,TECH HELP
910,5323,TX Misfits
911,5500,N6IVC
912,5519,Headwaters On
913,5551,Fishing
914,5555,GetOnAir Digi
915,5581,Grizz‚Äô HQ
916,5599,SDGMRS Hams
917,5678,Hokusetsu Tel
918,5777,ITDRC
919,5778,KO4RJX Networ
920,5872,Crook county 
921,5963,Ôº¥Ôºß5963
922,6000,Happy Campers
923,6041,Cross Mode DM
924,6060,60 Radio Grou
925,6072,Gogebic Count
926,6081,WX8NWS ALLSTA
927,6114,US MARINE COR
928,6127,CENARL DX6CN
929,6146,Nerima Tokyo 
930,6169,NW MO N1JXX D
931,6222,Larry's Gener
932,6241,kf0bxi
933,6282,North America
934,6340,ROMEO
935,6363,Diginerds
936,6369,G4SKM - Maltb
937,6453,N8XYM - HAM R
938,6487,US Ragchew Un
939,6488,US RagChew Ne
940,6640,K6EGG
941,6666,China Digital
942,6817,WWARG NETWORK
943,6832,KD8LBS
944,6919,Southern Ham 
945,6969,Illinois Hams
946,7000,pd2ari
947,7007,EmComms
948,7015,SW PA Link
949,7030,KE0PKU Papa J
950,7060,El Salvador M
951,7061,El Salvador R
952,7062,El Salvador R
953,7063,El Salvador R
954,7064,El Salvador E
955,7065,El Salvador E
956,7104,Dr SDR
957,7144,Chiriqui Link
958,7162,TRUJILLO ZONA
959,7200,7200 Says it 
960,7205,Union County 
961,7208,RC Pilots Lou
962,7220,Band Hoppers
963,7221,ADN System Ar
964,7224,CONFERENCIA N
965,7225,GRUPO RADIOFI
966,7226,Miami Latino
967,7229,Argentina-Roo
968,7238,RAG DMR Group
969,7241,Norte Brazil
970,7242,Nordeste Braz
971,7243,Centro oeste 
972,7244,Suldeste Braz
973,7245,Sul Brazil
974,7247,Brazil-Link
975,7249,Brazil - Netw
976,7253,LASD DCS
977,7272,72 Chew (Dail
978,7274,Corn Cob Net 
979,7297,Tampa Bay Ray
980,7337,Fediverse
981,7341,RED YV1
982,7373,Parks On The 
983,7388,GRCARC
984,7399,Amateur Radio
985,7401,Ecuador Zona 
986,7402,ECUADOR Zona 
987,7406,RADE
988,7410,NAUFAR Repeat
989,7470,747 DVM
990,7573,WestLink
991,7640,Bryon's Radio
992,7682,GB-SOTA
993,7700,Aviation Chat
994,7722,PPCC Ham Club
995,7760,PD2V Apeldoor
996,7777,SCRAPPER Netw
997,7959,WA2EMS NYCEMS
998,7974,TeleComm HAMS
999,8014,CSRA WEATHER 
1000,8044,CSRA WEATHER 
1001,8075,8075AMC
1002,8080,Enlace Norest
1003,8081,Happy Place
1004,8086,HAMSAFE
1005,8104,BSA Camp Dura
1006,8115,VF DMR
1007,8125,MB7INT 
1008,8144,CQ Toriten Lo
1009,8200,Mountain Lake
1010,8231,Digital Coffe
1011,8248,GX4MWS Maccle
1012,8302,Bible Talk Gr
1013,8420, Baked Hams 
1014,8500,Osona
1015,8510,Oman
1016,8550,QTHLatinos.Ha
1017,8570,Vall del Ges
1018,8648,OMISS 
1019,8649,Noto Hokuriku
1020,8663,Expats in Pan
1021,8761,American Legi
1022,8762,US Military V
1023,8788,GRUPPO ITALIA
1024,8888,Hwy 12 Statio
1025,8899,Gruppo Escurs
1026,8912,TETRA Radio U
1027,8934,SKCC GROUP
1028,9015,Wild Bill Fam
1029,9050,East Coast Re
1030,9111,VU-ODM
1031,9113,Frequency of 
1032,9158,9158Room
1033,9229,Makiling
1034,9247,Organization 
1035,9374,WALES DIGITAL
1036,9393,Boleskine Hou
1037,9394,SEANET Canton
1038,9625,Walton County
1039,9629,Iredell Firew
1040,9665,Shortwave Rad
1041,9666,Indian Telugu
1042,9800,Cafe Gratis 
1043,9876,LGBT Chat
1044,9911,EMCom
1045,9913,tri state rad
1046,9915,McHenry Co Em
1047,9919,XLX919 XNexus
1048,9959,Pike County
1049,9993,Boudica
1050,9996,YSF IT FRANCA
1051,9998,Breaking News
1052,9999,2E0KBZ
1053,10000,Setagaya
1054,10001,The MistFit N
1055,10101,KW0Z RADIO SH
1056,10102,POLLY
1057,10156,MILITARY ACTI
1058,10203,Eureka on TGI
1059,10258,World Wide Ch
1060,10367,Ten Forward
1061,10599,TAMA TG
1062,10665,Violets Bloom
1063,10757,Ivan's Person
1064,11111,Crypto Chat 
1065,11159,Wheels N Keel
1066,11676,W3CEC - Chat
1067,11710,Emergency Rad
1068,11911,AuxComm USA
1069,11959,RENOPINOY
1070,12121,K6GD
1071,12141,Minutemen of 
1072,12150,W8LOW Hub
1073,12174,JVTMiami2
1074,12198,HamFurs
1075,12323,Appalachian W
1076,12345,GLAARG-VEC
1077,12360,Clay Center K
1078,12420,Sandhills Arm
1079,12922,8&amp;2 Group
1080,13000,JA3YTZ Group
1081,13579,Signal
1082,13739,WV ELKINS DMR
1083,13939,Hatsune Miku 
1084,14054,W5JDW Link
1085,14094,LARA DMR Grou
1086,14494,DX3F
1087,14514,ACGN
1088,14521,SWARC
1089,14533,WX4BWK
1090,14547,FLARC
1091,14561,MAPGA PACKET 
1092,14562,LARSEN INC
1093,14571,TGIF JAPAN
1094,14652,Simplex Junki
1095,14658,DRCIT
1096,14670,OCARA Otoe Co
1097,14679,Folkston GA R
1098,14685,Florence SC A
1099,14688,East Pasco Am
1100,14697,Siouxland
1101,14700,Callahan
1102,14715,RVARC
1103,14727,NC-JARS
1104,14730,OVMRC
1105,14733,Central Ontar
1106,14745,banned
1107,15000,Kanazawa VoIP
1108,15137,Pittsburgh Al
1109,15973,Ham Operators
1110,16164,AK K-Pen
1111,16504,NW PA HAM HAM
1112,16585,ON4WZ-TechTal
1113,17000,Texas Gulf Co
1114,17001,Texas State R
1115,17071,TruSoc HR Gro
1116,17077,LaGrande_Radi
1117,17520,MMRA
1118,17760,DMR Chat
1119,18621,Luzerne Count
1120,18643,Nepa Connecti
1121,19050,Lone Wolf Sys
1122,19191,Manistee Alls
1123,19283,VU3YFL
1124,19288,Shelby Amateu
1125,19373,93s and 73s
1126,19397,GIBRALTAR-ZB2
1127,19400,Arkansas AUXC
1128,19401,Cabway Radio 
1129,19402,Glenda Projec
1130,19406,Cigar Bar
1131,19461,Eastern Kentu
1132,19587,Magyarorszag 
1133,19614,Budapest
1134,19681,KP4ARA
1135,19701,CHABAD WEST B
1136,19810,Belize
1137,20000,NAKAYAMA
1138,20001,K1SCD - Ham R
1139,20201,HELLAS Zone N
1140,20202,Greece DV
1141,20210,Greek Europe
1142,20212,GR-C4FM-GROUP
1143,20215,Hellas-20215
1144,20217,Hellas-20217
1145,20218,Hellas-EchoLi
1146,20219,Greek Globall
1147,20220,SV2SNH
1148,20221,SV2SNH
1149,20222,SV2SNH
1150,20223,SV2SNH
1151,20224,SV2SNH
1152,20225,SV2SNH
1153,20226,SV2SNH
1154,20227,SV2SNH
1155,20228,SV2SNH
1156,20229,SV2SNH
1157,20230,SV2SNH
1158,20240,HELLAS - THES
1159,20273,GR_TALK
1160,20313,KE8UOT ALLSTA
1161,20321,Pok√©mon
1162,20400,Nederland Cen
1163,20401,Dutch WorldWi
1164,20408,VERON Afd Cen
1165,20424,Rijnmond
1166,20432,NL Noord-Brab
1167,20600,Belgian Multi
1168,20612,BELGIUM WAASL
1169,20620,BELGIUM RAGCH
1170,20621,Belgium Westh
1171,20665,violets bloom
1172,20699,FreeDMR Belgi
1173,20800,France
1174,20844,Nantes France
1175,20871,Sa√¥ne et Loi
1176,20878,Rock Collecti
1177,20899,RI49 France-M
1178,21212,EVAR (K7EVR) 
1179,21332,2MC2
1180,21337,Dusty Radio
1181,21401,EMERGENCIAS A
1182,21406,EB4FOG
1183,21411,Extremadura
1184,21413,Provincial ca
1185,21421,Time for a co
1186,21430,ea5ijt
1187,21441,TG SEVILLA
1188,21465,ADER 
1189,21468,MultiSystem
1190,21469,Tupamaros
1191,21472,La Campa
1192,21490,GAST EMERGENC
1193,21491,PROTECCION CI
1194,21499,TOTEMER
1195,21600,Balaton Boyz
1196,21650,Csendes sarok
1197,21877,E701BFF
1198,21888,E701BFF
1199,22055,Lokal
1200,22090,MESSINA
1201,22115,Vigili del Fu
1202,22117,Draussenfunke
1203,22200,HBLink Italy
1204,22210,Talkgroup Nap
1205,22211,P.C.R.E. Prot
1206,22212,Adna
1207,22215,FreeDMR TG-22
1208,22216,FD_ADN Systms
1209,22217,Ras Sardegna 
1210,22218,Ras Sardegna 
1211,22220,ItalyNet Conf
1212,22222,GardaLake
1213,22233,ITALY HAM XLX
1214,22235,Talkgroup ROS
1215,22241,FD_ADN System
1216,22245,ITALIA_Sud
1217,22251,FreeDMR-22251
1218,22260,TEMATICO FREE
1219,22261,TG ABRUZZO
1220,22265,ITALY TERAMO 
1221,22266,Abruzzo Radio
1222,22267,IU3GMR_TGIF
1223,22271,Puglia
1224,22272,OpenAI ChatGP
1225,22273,IT-C4FM_BAT
1226,22276,Trani Confere
1227,22280,Talkgroup Cas
1228,22283,Talkgroup Cam
1229,22291,FreeDMR-22291
1230,22302,tg Sardegna
1231,22312,DVSwitch Memb
1232,22320,Echolink Ital
1233,22389,Grel
1234,22391,FreeDMR-Sicil
1235,22406,AllStarnode
1236,22407,TG AOT PESCAR
1237,22474,Myrtle Street
1238,22481,AMRS GROUP
1239,22486,ITALY GPG
1240,22487,DIGITAL NETWO
1241,22556,Stafford Virg
1242,22586,Mahoroba ARC
1243,22587,VOIP Kitakats
1244,22600,2600net - irc
1245,22603,AltComms
1246,22606,The GNU Water
1247,22607,RO-POTA
1248,22609,HAM-YO
1249,22622,Rom√¢nia
1250,22777,Talkgroup Ave
1251,22812,Geneva-CH
1252,22813,Alpes vaudois
1253,22824,Echolink Swis
1254,22825,Multiprotocol
1255,23200,Austria-All
1256,23400,New System Am
1257,23414,NW Radio Grou
1258,23416,400Club
1259,23423,BARS - Bolsov
1260,23426,FreeSTAR Inte
1261,23441,Ears Radio
1262,23450,YorkshireNetU
1263,23451,CQ North East
1264,23452,CQ North West
1265,23453,CQ Scotland
1266,23454,CQ Northern I
1267,23455,CQ Wales
1268,23456,COAST 2 COAST
1269,23457,FB Multimode
1270,23458,Christ With U
1271,23460,UK North East
1272,23491,NXDN-Cambridg
1273,23500,London TG
1274,23501,Soccer
1275,23503,Southern Fusi
1276,23510,CQ-UK World W
1277,23519,Bluebell Hill
1278,23520,North West (c
1279,23525,Extended Free
1280,23526,HUBNet
1281,23530,Yorkshire Lin
1282,23531,RAYNET UK Nat
1283,23535,G1SCQ Allstar
1284,23538,E.A.R.S Yorks
1285,23551,ALBA SCOTLAND
1286,23552,MS0NTR Club
1287,23559,Scot West
1288,23560,North East UK
1289,23561,North North E
1290,23565,Northumberlan
1291,23566,South Wales D
1292,23567,Clubnet UK
1293,23579,Digital Drago
1294,23590,East Midlands
1295,23591,Nottinghamshi
1296,23595,OZ-DMR NETWOR
1297,23599,Lincolnshire 
1298,23669,74ARPSCADM
1299,23800,Spyder Ryders
1300,23834,Central Virgi
1301,23911,PUERTO RICO S
1302,24000,Talk to Swede
1303,24016,24016
1304,24071,Jonkoping HUB
1305,24072,SK7HR Local
1306,24112,Nordic Trucke
1307,24113,Nordic TechPr
1308,24211,LA DX Group
1309,24230,JH9ZAK Group
1310,24901,SWVARA WV
1311,24910,The Meeting P
1312,24911,Dares 
1313,25000,R2AZW 
1314,25016,FALCON
1315,25069,Tver city 
1316,25118,Drive Time Uk
1317,25225,Reduced Salt 
1318,25378,ALERTradio ER
1319,25500,Ukrainian Fre
1320,25501,Kyiv city
1321,25504,Dnipro
1322,25508,Zaporizhzhia
1323,25510,Kyivska obl
1324,25511,OdesaRadioLin
1325,25515,Nikolaev
1326,25516,Odesa
1327,25517,Poltava
1328,25530,Husky_Obolon
1329,25544,Echolink UA
1330,25548,Old_Odessa
1331,25550,–û–¥–µ—Å—Å–∫–
1332,25555,ORLink
1333,25578,Tri Topora
1334,25583,Ukrainian Ham
1335,25627,Krasnodar
1336,25702,KOW Tristate 
1337,25777,Three_Axes
1338,25981,Western Green
1339,26000,Phone Phreaki
1340,26009,EmCommPoland
1341,26011,Gryf Szczecin
1342,26043,Poland Podlas
1343,26059,Poland Kurpie
1344,26066,Poland Wrocla
1345,26067,Legnica
1346,26077,Special Stati
1347,26078,Poland Kutno
1348,26221,NDR BSG AFU H
1349,26238,AB WEST 26238
1350,26250,DE-Saarland
1351,26252,DE-Rheinhesse
1352,26254,26254
1353,26256,DE-Kusel
1354,26258,DE-Merzweiler
1355,26260,DE-Ulm
1356,26269,DL-Hessen/RLP
1357,26270, Funkfreunde 
1358,26271,Baden (Baden-
1359,26275,A24 &amp; Fri
1360,26277,Schwarzwald
1361,26278,Schwarzwald T
1362,26370,Ulm
1363,26403,DE-SL-Saar
1364,26421,Hamburg C4FM
1365,26429,DL-Nordwest
1366,26444,Inselfreunde
1367,26480,Scan New Engl
1368,26911,TGIF POLISH H
1369,26965,DL-Hildesheim
1370,26968,License Free 
1371,27125,Betuwe Amateu
1372,27131,Idaho
1373,27144,THE 27144 Gro
1374,27239,Denton NC
1375,27295,Club KST
1376,27304,SORA
1377,27372,The NXG Hub
1378,27439,Tennessee Ama
1379,27500,CCAR Link
1380,27501,NC4ES Chat 1
1381,27502,NC4ES Chat 2
1382,27520,NC Rippin Lip
1383,27549,BR549 chat
1384,27555,Tiel Netherla
1385,27622,DigiCommCafe
1386,27715,CQ-Ohio
1387,27772,W8OAK Oakland
1388,27906,Yooper Amateu
1389,27948,The Batcave
1390,28054,Kansas City W
1391,28092,Lincoln Count
1392,28112,ATAKD
1393,28257,MB7IDW
1394,28299,America Ragch
1395,28300,DL-TGIF-Ruhrp
1396,28315,MOCO NC DMR
1397,28476,Railhams
1398,28499,Pernik(Bulgar
1399,28600,T√ºrkiye mult
1400,28601,ADANA
1401,28603,AFYON
1402,28604,AGRI
1403,28606,DMR Ankara
1404,28607,ANTALYA
1405,28609,AYDIN
1406,28616,BURSA
1407,28626,ESKISEHIR
1408,28627,GAZIANTEP
1409,28631,HATAY
1410,28633,MERSIN
1411,28634,ISTANBUL
1412,28635,IZMIR
1413,28638,KAYSERI
1414,28642,KONYA
1415,28645,MANISA
1416,28646,KAHRAMANMARAS
1417,28647,MARDIN 
1418,28652,ORDU
1419,28659,TEKIRDAG
1420,28677,YALOVA
1421,28687,EGERAD ACIL A
1422,28690,QRV73
1423,28691,Disaster Emer
1424,28698,GW-EA7KNK
1425,28699,SFR Lƒ∞NK
1426,28781,Repeater Owne
1427,28952,3 Counties Ra
1428,29020,Kershaw Count
1429,29078,Kershaw ARES
1430,29129,Travelers_Res
1431,29170,Midlands Skyw
1432,29185,Stump Knocker
1433,29203,Columbia Amat
1434,29252,Oklahoma Hams
1435,29332,Alaska Mornin
1436,29401,Charleston SC
1437,29642,Scorpion
1438,29660,KB3AWQ Multib
1439,29662,Cary CERT 
1440,29930,New Mexico Mu
1441,29969,GRC-Net
1442,30070,IRLP_0070 
1443,30087,IRLP_0087 - A
1444,30092,IRLP_0092 and
1445,30093,Hams On The M
1446,30104,Arendator
1447,30159,RARC East TN
1448,30165,TG CAMPOS RJ
1449,30180,Villa Rica Ra
1450,30200,TGIF Emergenc
1451,30201,Annular Eclip
1452,30203,The Canada Hu
1453,30214,VA7FK
1454,30231,TORONTO CANAD
1455,30232,Golden Horses
1456,30233,VE3RIG
1457,30235,Canadian Cari
1458,30236,Texas Chat
1459,30245,Mauricie-Queb
1460,30253,Central Georg
1461,30262,Mabuhay-Canad
1462,30273,Van Isle Conn
1463,30277,R.A.T.S. Digi
1464,30278,Filipinas Dig
1465,30401,Appalachian R
1466,30403,West Virginia
1467,30404,WV-LINK NETWO
1468,30639,NorCal
1469,30736,Catoosa Tac1
1470,30824,Thomson-McDuf
1471,30847,Chandler Hams
1472,31001,NC4ES Cluster
1473,31002,Chatham Count
1474,31003,Central NC AU
1475,31010,Alabama Link
1476,31012,KQ4ESQ Repeat
1477,31013,ALERT-K4NWS
1478,31018,KC2ABV REPEAT
1479,31031,IRC hf-uhf
1480,31033,AGUADILLA
1481,31034,AGUADA
1482,31049,Patriot Radio
1483,31050,FISHOOK/COWPA
1484,31055,Arkansas Stat
1485,31060,Resonant Freq
1486,31066,SoCal
1487,31069,BADCAL
1488,31089,Hytera USA
1489,31100,Midwest 100
1490,31101,AMERINET
1491,31111,The Diabetic 
1492,31121,First Coast D
1493,31122,Clay County D
1494,31123,Treasure Coas
1495,31128,Winter Garden
1496,31129,Orlando Hamca
1497,31132,South Georgia
1498,31133,First Coast S
1499,31134,North Georgia
1500,31137,XLX-137
1501,31139,GA CatWalk (C
1502,31146,LPCARC - Indi
1503,31163,Gaming Centra
1504,31164,KI9NG Allstar
1505,31170,Round Lake Ar
1506,31171,Illinois Link
1507,31172,NISW
1508,31173,Northern Illi
1509,31177,WESDIG Wester
1510,31180,ON PATROL LIV
1511,31181,Seymour / Jac
1512,31182,Indianapolis 
1513,31183,Severe Weathe
1514,31184,Columbus Indi
1515,31185,Columbus 2
1516,31186,KV9Q Indiana 
1517,31187,KE9MS
1518,31188,KV9Q- 
1519,31189,THE CELLAR- X
1520,31193,NW-Iowa_3
1521,31204,Sunflower Sta
1522,31205,Kansas TGIF
1523,31207,Sunflower Net
1524,31213,A13 Group
1525,31217,Central Illin
1526,31219,Friends of K2
1527,31221,SELCOM
1528,31222,LA AUXCOMM
1529,31225,Southeast Lou
1530,31226,World Wide Ch
1531,31227,Acadiana
1532,31229,ArkLaTex
1533,31234, 3 Rivers Rep
1534,31238,Foxhole Radio
1535,31257,NEARC
1536,31258,SSN Tracking 
1537,31261,Oakland Count
1538,31264,DUDE-Link
1539,31266,Michigan Nets
1540,31267,West Michigan
1541,31268,DMR Tech Net
1542,31272,Minnesota Met
1543,31273,Northstar Hub
1544,31276,TesterBesterT
1545,31279,MN Severe WX
1546,31281,NEM One
1547,31284,Brooklyn Boys
1548,31285,NorthEast Mis
1549,31286,premiere comm
1550,31287,South Mississ
1551,31288,NorthWest Mis
1552,31291,Queen City Ne
1553,31301,Montana
1554,31309,Montana ARES 
1555,31311,Nebraska_Hub
1556,31320,IRN - Interna
1557,31326,Alpha Radio C
1558,31331,Northern NH A
1559,31337,Hax0rNet
1560,31340,CNJHAM
1561,31344,kb2rhn
1562,31360,NY-NJ-PA TriS
1563,31368,TAC FJB
1564,31370,NC TAC
1565,31371,TriangleNC
1566,31374,Carolina Link
1567,31375,High Rock Lak
1568,31376,Chatham AuxCo
1569,31377,Foothills Wav
1570,31378, NORTH CAROLI
1571,31379,Piedmont Tria
1572,31380,Misfits ARC o
1573,31390,TORCON WX
1574,31391,OHIO Morrow/D
1575,31394,Southwest Ohi
1576,31398,BBARC
1577,31403,OklahomaLink
1578,31405,Canadian Vall
1579,31406,SAVHAMS
1580,31411,Voice Assista
1581,31415,WB6EQK
1582,31416,Boquete Panam
1583,31418,LIRAZO
1584,31420,PA PUBLIC SAF
1585,31421,Pennsylvania 
1586,31422,Pennsylvania 
1587,31423,Pennsylvania 
1588,31429,TACDA Members
1589,31444,RHODE ISLAND 
1590,31451,SC Chat
1591,31452,South Carolin
1592,31455,N1RCW South C
1593,31456,Charlotte Cou
1594,31458,SC Midlands
1595,31459,SC Pee Dee
1596,31465,Findlay Arts
1597,31466,Sd Digital 
1598,31467,Qnuckle Heads
1599,31473,TARA-Bridge S
1600,31479,Fayetteville 
1601,31481,North Texas
1602,31482,West Tx
1603,31483,South Tx
1604,31484,Southeast Tx
1605,31485,Central Tx
1606,31486,Austin Texas
1607,31489,DMR Track
1608,31501,FloridaKey
1609,31505,Ronald Ergen
1610,31513,SWVA DMR
1611,31515,Tidewater Vir
1612,31516,Hampton Roads
1613,31525,Golden Isles 
1614,31535,TechTalk
1615,31555,WI-DMR
1616,31560,Southeast Wyo
1617,31570,Bald Rock Ama
1618,31580,The NERDS-New
1619,31581,KD2UQK Long I
1620,31600,Indiana outdo
1621,31620,KOD
1622,31624,KOD 2
1623,31625,The Hangout S
1624,31650,SDFARC
1625,31654,4SQRP
1626,31655,Ham Radio Ven
1627,31656,America Link
1628,31661,OMIK
1629,31662,JVTMiami1
1630,31663,Hamsexy!
1631,31664,KE8CB TG
1632,31665,TGIF The Moth
1633,31666,
1634,31667,Amateur Radio
1635,31669,KE0KEY Global
1636,31670,WORLD WIDE TA
1637,31675,REF020A Bridg
1638,31678,Catawba Valle
1639,31679,blind hams gr
1640,31683,PRESCOTT
1641,31686,Skywarn Youth
1642,31688,NEHUB
1643,31691,TriStateDMR
1644,31699,East Coast DM
1645,31725,NY NJ weather
1646,31726,Ocean county
1647,31727,Garden State 
1648,31760,XPR Pinoy Net
1649,31770,RFinder Users
1650,31771,Pacific North
1651,31775,FILAM Hams
1652,31777,MadChan
1653,31801,The Gathering
1654,31802,Chat Lounge
1655,31803,The Secret Ta
1656,31860,Sweet Owen 
1657,31888,FL-FART (Flor
1658,31910,DC - MD - VA
1659,31911,Southeast Eme
1660,31912,Borinken DMR 
1661,31954,Michigan Colo
1662,31983,DVMIS Multimo
1663,31999,My Knee Hurts
1664,32025,Columbia Coun
1665,32036,Clover Knot H
1666,32080,LACQ CLUB
1667,32103,CW Ops
1668,32124,Volusia Count
1669,32150,285 Tech Conn
1670,32168,KE5JS Group
1671,32323,Paddy's Pub
1672,32384,AG5AA
1673,32520,California Hi
1674,32592,32592
1675,32682,KE5MS Group
1676,32769,WB2QBP 
1677,32771,Sanford FL DM
1678,32780,CCNY Alumni H
1679,32999,Tennessee Ham
1680,33001,BORICUAS TGIF
1681,33012,PR-CAGUAS
1682,33013,Latinos Unido
1683,33015,PR Boriken Di
1684,33041,GRUPO HISPANO
1685,33058,Western PR
1686,33213,WP4SSB TGIF D
1687,33217,Christain Co 
1688,33307,WBARC-K0WSN
1689,33333,Jacksonville 
1690,33426,Red Digital d
1691,33445,NC Statewide
1692,33499,MEXICO TGIF G
1693,33567,Johnson Adven
1694,33581,Net Chat
1695,33588,2bLogic
1696,33884,FRIENDS
1697,34112,DEPREM ANONS
1698,34300,Thin (whateve
1699,34377,Hazmat Respon
1700,34433,Gulf Coast Re
1701,34470,Emergency Roo
1702,34482,Motor Coach O
1703,34614,Weeki Wachee 
1704,34637,Land O Lakes 
1705,34675,rascons
1706,34911,TURKUAZ ARAMA
1707,34953,JMS FL South 
1708,34986,JMS FL South 
1709,35000,MULTIMODE BRI
1710,35178,Auditors Sout
1711,35244,The Blindsphe
1712,35733,Defcon - IP
1713,35992,Oracle
1714,36036,GREEN EGGS &a
1715,36064,CENTRAL ALABA
1716,36093,WHITELIGHTNIN
1717,36222,Northampton S
1718,36250,Northampton R
1719,36255,NDARG-UK
1720,36272,Fort Myers Am
1721,36360,TALARC
1722,36801,East Alabama 
1723,36891,HAM-PRI
1724,36921,Glendon Scout
1725,36940,Doghouse
1726,37030,Skynet
1727,37035,CC Radio Club
1728,37054,RadHisTec
1729,37188,Whole in the 
1730,37218,Haiti EmComm 
1731,37501,Belarus 37501
1732,37910,Mudpit
1733,38232,Night Ops
1734,38632,CARA 91 RPTR 
1735,38654,DeSoto County
1736,38655,UMARC
1737,39000,Jeff &amp; To
1738,39055,CyberVeins So
1739,39319,Impact4Him
1740,39360,PNW WA Local 
1741,40095,4-Doors
1742,40199,bate papo DMR
1743,40251,Jeep Nation
1744,40401,VU-Hams India
1745,40402,AGARTALA
1746,40404,PCCT
1747,40427,Bhilai
1748,40444,MB7ISQ UK GAT
1749,40470,Visakhapatnam
1750,40488,MUMBAI
1751,40489,VE3WVJ TGIF T
1752,40512,highyway amat
1753,40911,Galveston/Cle
1754,41033,AP Multimode 
1755,41066,Charmouth CQ
1756,41270,DXHub2
1757,41301,Duston Amateu
1758,41324,DMX Lighting 
1759,41412,Crystal Coast
1760,41432,Model Trains
1761,41601,ArabQrz
1762,41607,DX-LINK SYSTE
1763,41982,PineyFlats
1764,41992,Southern Mich
1765,41997,Northern MI S
1766,42001,SAUDI ARABIA 
1767,42044,local arabic
1768,42055,Local in the 
1769,42069,LID Net
1770,42301,Insomniac ham
1771,42600,AMERICA RU PR
1772,42696,US-ExNet
1773,43114,US Kentucky
1774,43277,HEARS Network
1775,43389,SouthEast Lin
1776,43444,KC8I TGIF
1777,43844, Indiana-W9IL
1778,43865,VR2TG1
1779,43879,Â∫ÉÂ≥∂Â∏ÇÂÆâË
1780,43912,24 Repeater
1781,43916,ALLJA9-CQ-ROO
1782,43978,JR9WD Group
1783,44023,kitaQ-kanmon 
1784,44044,BABA KARTAL 
1785,44053,Kimagure Hima
1786,44064,OwariAsahi-Ha
1787,44120,Japan
1788,44125,Tateyama Japa
1789,44134,N8JLK AllStar
1790,44201,Nagakute city
1791,44247,KW4BET System
1792,44301,JL3YTN
1793,44302,JG3QIK
1794,44329,N0FUQ Net
1795,44403,HK Manna
1796,44406,Hiroshima Mom
1797,44410,Hiroshim_DMR_
1798,44444,Let me in
1799,44501,Shodoshima DC
1800,44502,Awaji-IS
1801,44503,Kochi_VoIP_cl
1802,44544,WB3JSW-Waffle
1803,44661,Fukuoka2478
1804,44688,Civil Defence
1805,44698,XLX698 Reflec
1806,44701,Minami Tsugar
1807,44758,JAPAN 758
1808,44775,Madison DX Cl
1809,44833,Aichi Degital
1810,44834,Aichi Degital
1811,44904,Kure Amateur 
1812,45001,TGIF Korea
1813,45009,Gangnam Ham C
1814,45228,Radio Tribung
1815,45229,Illinois Conc
1816,45357,SO-IL Tactica
1817,45411,Cantonese Tal
1818,45454,HF Blackbirds
1819,45525,K9GOX DMR
1820,45601,Ohio Buckeye 
1821,45750,Southeast Ohi
1822,45768,1900 Net
1823,45999,VU2ZOE
1824,46000,‰∏≠ÂõΩÁªÑ
1825,46001,China link TG
1826,46002,China 46002 T
1827,46003,China no3
1828,46004,China 46004 T
1829,46005,China 46005 T
1830,46006,China 46006 T
1831,46007,China 46007 T
1832,46008,China 46008 T
1833,46009,China 46009 T
1834,46010,changping
1835,46011,China 46011 T
1836,46012,China TG46012
1837,46056,MRN on TGIF
1838,46075,Lugoff ASL Li
1839,46077,46077
1840,46091,BM46001
1841,46100,China 46100 T
1842,46101,China 46101 T
1843,46111,46111
1844,46255,All Things GM
1845,46550,SB13
1846,46611,Taiwan TGIF N
1847,46666,46666
1848,46776,ÂπøË•øÁôæËâ≤
1849,46888,46888
1850,47017,W9IKU Group -
1851,47060,Pen Bay ARC
1852,47435,Talk-Tech-Tri
1853,47460,Owen County I
1854,47560,TG Bahia - BR
1855,47591,Indiana/N9TQR
1856,47669,85 Ragchew Ne
1857,48035,WA8BRO-CT-DN
1858,48074,74_ARPSC
1859,48088,WA8BRO-WAR
1860,48111,Grupong Magel
1861,48301,WA8BRO-BH-ND
1862,48306,WA8BRO-OT-DN
1863,48467,WA8BRO-PAR
1864,48468,WA8BRO-PH-RPT
1865,48623,TG 141018
1866,48624,TG 141019
1867,48651,Roscommon Cou
1868,48914,YEG_Edmonton
1869,48915,Idaho USA
1870,49274,Military Radi
1871,49333,Hungary
1872,49445,KB1NYT 220 
1873,49500,ELLIS COUNTY 
1874,49562,Boredom Break
1875,49855,Michigan D8 A
1876,50051,The Digital H
1877,50134,I.B.E.W. Loca
1878,50207,Tac Malaysia
1879,50210,Malaysia-NET
1880,50281,Wells Beach D
1881,50352,Linux User Ne
1882,50372,ZETA-4 Amateu
1883,50500,The Brown Lou
1884,50510,VK-HUB Repeat
1885,50520,Blue Mts Amat
1886,50524,VK-OzHUB
1887,50556,ANZEL Network
1888,50595,OZ-DMR Networ
1889,50853,KE8LCM AllSta
1890,50878,Amateur Radio
1891,50910,RJW Chat
1892,50911,BATE PAPO BAH
1893,51001,Call Area 1
1894,51002,Call Area 2
1895,51003,Call Area Thr
1896,51004,Semarang
1897,51006,Call Area Six
1898,51007,51007 CALL AR
1899,51009,JJ2YUC Group
1900,51010,Indonesia Rag
1901,51023,BRIGADE
1902,51257,mrp group
1903,51301,Clermont Coun
1904,51359,QueenslandNet
1905,51405,Del City Radi
1906,51500,Monte de Oest
1907,51501,DX1PUP
1908,51502,Cavite Amateu
1909,51503,DX3OC ORACLE
1910,51507,CARER Inc
1911,51508,ARMAS (Amateu
1912,51509,KAPIHAN Netwo
1913,51510,DX1E Elite Ha
1914,51511,DX1MK Makilin
1915,51512,DZ1RB - REC B
1916,51514,DZ1RH - REC M
1917,51515,KAPIHAN Netwo
1918,51516,51516 Radio E
1919,51517,DZ1PUP - PUP 
1920,51520,Philippines D
1921,51521,DX2BSP Padli 
1922,51522,Ham Radio Ceb
1923,51525,DX2KPH KAPIHA
1924,51526,Freedom Filip
1925,51527,DZ2REC - REC 
1926,51530,Ham Radio Soc
1927,51533,DX3T
1928,51535,District 3 Ph
1929,51540,W8LOW Chat
1930,51547,KAPIHAN Netwo
1931,51550,Saipan Amateu
1932,51555,MinDiNet
1933,51568,PAREDN
1934,51569,BAMRC
1935,51586,ICARE-Iloilo
1936,51590,DX9BC BRAVE I
1937,51595,DX8H HARC GEN
1938,51598,Freedom
1939,51599,MARS
1940,51900,SW Ontario Am
1941,51986,Blind Canadia
1942,52007,E20AE Club St
1943,52008,W3NTT/R Multi
1944,52011,MDR
1945,52032,TG52032toAlls
1946,52041,Khon Kaen
1947,52042,AR - Phonsai 
1948,52062,TGIF to ASL 5
1949,52083,Link to ASL
1950,52091,XLXSYS
1951,52152,KN4RW TG-5215
1952,52375,RadioX
1953,52525,Pinoy@SG
1954,52585,M0VVAs group 
1955,52639,Kane County I
1956,52748,KARHU (Finlan
1957,52910,
1958,53000,Tiger
1959,53112,westmoreland 
1960,53113,Manchester Ra
1961,53327,CGA
1962,53473,DX1PRS
1963,53488,DX1PRS
1964,53662,MBARC
1965,53715,KD4UFD Shack 
1966,53927,BCRA Fall Riv
1967,54241,AE8Q Link
1968,54321,LGBT Chat
1969,54338,The Hams Hang
1970,55000,Chill Zone
1971,55448,Brasileiros n
1972,55539,2E0EUM RadioX
1973,55555,HF Portable O
1974,55897,Tyler Amateur
1975,56148,SetoCity_iimo
1976,56309,Quad Cities I
1977,56703,*KC4QLP*
1978,56894,WNY Amateur R
1979,57191,The bear's De
1980,57537,Personal
1981,57663,SBTC DR DMR G
1982,57852,hampj
1983,57960,TGif TO ASL57
1984,58058,S80 Digital
1985,58442,Keep Your Pow
1986,58888,Chinese Ham G
1987,58906,Khaophanom Kr
1988,59087,The 24-7 BBQ
1989,59649,MRN on TGIF
1990,59650,Texas-DFW
1991,59659,TGIF DMR TG 4
1992,59795,MRN on TGIF
1993,59973,W2LCW Long Is
1994,60000,Hamfesters Am
1995,60123,Pasco County 
1996,60223,MB6VY DV
1997,60339,KQ4JPB
1998,60401,KI9NG Allstar
1999,60529,DZ1RB - Radio
2000,60606,price
2001,60624,Bills group
2002,60911,Atlantic Coun
2003,61583,HAM-CB E-SAN-
2004,61616,AutoCad Users
2005,61716,Allstar Bridg
2006,61805,HS7IMT Samchu
2007,62237,NC CERT NET
2008,62348,Phoenix HAM n
2009,62627,MB6CS
2010,62804,ZL2DAT TG
2011,62897,Ohio Valley O
2012,63054,KC1LKO Group
2013,63123,LLM-STLMO
2014,63163,63Chat
2015,63313,TGIF Bridge
2016,63462,AllStar 63462
2017,63636,Smoky's Loung
2018,64086,Worldwide Han
2019,64222,Northern Illi
2020,64398,Szigetszentmi
2021,64620,The Magnolia 
2022,65102,UHDARC
2023,65500,Homebrew Tech
2024,65535,WCARS
2025,65742,Hillbilly Jun
2026,65911,WC3PS-WEARS
2027,65982,Open Source A
2028,66044,KS-DMR
2029,66502,The Hardees C
2030,66566,WestBerks
2031,66666,Outdoor Ameri
2032,66677,YSF VE2CKN
2033,66944,Storm Chasing
2034,67016,Mobile-Comms
2035,67196,Spookys Shack
2036,67432,Clay Center K
2037,67756,Toronto Harle
2038,69420,KD9TAF TGIF 2
2039,69696,Canadian Radi
2040,69710,Harley Riders
2041,70000,Digital frien
2042,70001,Delbaranya
2043,70120,Mid-South Exp
2044,70281,wplainsnc
2045,70364,In &amp; Out 
2046,70568,Powered Parag
2047,70600,Contacto Gene
2048,70777,Who Cares ARG
2049,70914,Cambodia Japa
2050,71352,KC0IMF Late n
2051,71474,NORTH-MICHIGA
2052,71600,Western NY 
2053,71601,Western NY 
2054,71633,Reptiles
2055,72000,7.2
2056,72143,Paddle Wheel 
2057,72210,Digital Voice
2058,72213,Radioaficiona
2059,72215,Radioaficiona
2060,72218,Cordoba digit
2061,72277,Space Coast A
2062,72347,TurbineTalks
2063,72400,QAP/PY4KB-724
2064,72401,FreeDV-Brazil
2065,72402,Ponto de Enco
2066,72403,QAP-QRV
2067,72405,GRUPO RADIOAM
2068,72407,QSO BR
2069,72408,JF-MG TGIF
2070,72411,S√ÉO PAULO
2071,72412,Vale do Para√
2072,72413,GRAAL
2073,72414,Araraquara e 
2074,72415,TGIF CARIRI
2075,72416,Rond√¥nia
2076,72417,Ambrasil
2077,72419,RIO CLARO
2078,72421,Rio de Janeir
2079,72422,Regiao dos La
2080,72423,Noroeste Flum
2081,72424,CHAT BR
2082,72431,Amigos Rei Ro
2083,72440,TGIF Brasil
2084,72441,CURITIBA PR
2085,72442,MINAS GERAIS 
2086,72443,Rio de Janeir
2087,72444,ARSATC
2088,72445,Grupo_oeste_p
2089,72446,TECH BR
2090,72447,Itajai-SC
2091,72448,SC Brazil
2092,72450,regiao metrop
2093,72451,Praia Grande/
2094,72452,RS Brazil
2095,72454,S√ÉO JO√ÉO DE
2096,72455,DV Santa Mari
2097,72459,QAP 4VPA
2098,72463,Tocantins no 
2099,72471,Bala Perdida 
2100,72472,MINAS GERAIS-
2101,72473,REDE KAB BR
2102,72479,MTech
2103,72488,ARAF
2104,72492,MANAUS AM
2105,72497,Escoteiros BR
2106,72499,TGIF SAO PAUL
2107,72822,ScubaTalk
2108,72828,K3DOV - UPSTA
2109,72862,SAUNA (Finlan
2110,73030,GTARC
2111,73210,Last of the S
2112,73411,RED DIGITAL Y
2113,73440,Net Dig Venez
2114,73444,XLX087 - Sout
2115,73458,YV5ARV SSLC T
2116,73460,NET DIGITAL O
2117,73461,GRUPO DX RORA
2118,73462,ASOCIACION DE
2119,73481,ARV SECCIONAL
2120,73638,Seven3
2121,73737,Ham Harder
2122,73801,Northwest Okl
2123,73836,South East Va
2124,74008,QAP Amigos It
2125,74025,la radio al s
2126,74183,XLX741 Reflec
2127,74340,Red Maracay
2128,74401,Paraguay
2129,74890,Conferencia U
2130,74895,Uruguay.Net
2131,75088,Rowlett Texas
2132,75119,The Double Ni
2133,75126,Kaufman Count
2134,75142,Kaufman Count
2135,76123,ANDRIA (BT) C
2136,76125,TRANI Confere
2137,76177,RADCOMs Allia
2138,76239,Guns and Gadg
2139,77002,HOUSTON TEXAS
2140,77086,TeamKimbler
2141,77245,Bushcraft and
2142,77454,OSS Secret Sq
2143,77511,South Coast R
2144,77777,China 77777 T
2145,78250,Moo Cow Repea
2146,78594,TRAC
2147,78664,SUOMI (Finlan
2148,78713,AGAVE NET ALS
2149,78760,ATF Alpha tan
2150,78850,Iw6ntw
2151,79507,West Central 
2152,79602,Big Country H
2153,80008,BlackPantherM
2154,80085,NEW HAMLAND
2155,80091,Deutschland
2156,80104,DougCoCert
2157,80268,Private TGIF 
2158,80303,Navigation an
2159,80795,CO CL Central
2160,80865,Sparkgap-1
2161,80918,MM ComTech
2162,81337,Remote Tech W
2163,81673,All Hams Hook
2164,82001,Prep Coms Act
2165,82121,TG PU1RAT
2166,82332,SupaDupa
2167,82415,The Pit
2168,83201,D: VA3UEC-1
2169,83375,VEs After Dar
2170,83624,N7MKY-TGIF
2171,83832,DSARC
2172,83843,Latah County 
2173,84026,TCAG
2174,84030,Texas Radio G
2175,84032,AHRN
2176,84034,AC CFL
2177,84465,HectorPersona
2178,84962,Cajun Rag Che
2179,85008,US-Arizona
2180,86442,Bullhead City
2181,86915,Houses on The
2182,87923,U.S. Womens C
2183,88788,Midsouth refl
2184,88888,PowderMill
2185,88990,Italiani nel 
2186,89117,ELECTRONIC TE
2187,89134,cumbriaCQ UK 
2188,89435,Texas i35hams
2189,89898,439700
2190,90620,N6VL Sandbox
2191,90710,Radioscouting
2192,90909,Kilo11
2193,91100,Texas First R
2194,91101,Firefighter C
2195,91102,NRV Public Sa
2196,91103,JCAES DMR
2197,91134,ƒ∞STAMBUL ACƒ
2198,91172,BATE PAPO FEI
2199,91381,Kansas City T
2200,91610,SAC VALLEY ME
2201,91789,America's Sta
2202,91997,Computer Geek
2203,92277,Twentynine Pa
2204,92952,Venom
2205,93844,Recumbent Bik
2206,94000,AARadioGroup
2207,94335,WheelieHams
2208,94347,XLink
2209,94550,ORANGE
2210,95641,85 Ragchew Ne
2211,97302,Oregon AuxCom
2212,97351,WCDRT Tac-1
2213,97352,WCDRT TAC-2
2214,97353,WCDRT TAC-3
2215,97355,West Coast Di
2216,97962,Midwest Ragch
2217,98638,InfoSec
2218,98683,PNW Camping
2219,98794,Ham Radio Roo
2220,98989,Chicago
2221,99534,Maricela
2222,99539,VaDigital
2223,99797,CTRI 
2224,99799,CRSnet
2225,99817,Antenne Thuer
2226,99846,Eastern-MI-Li
2227,99912,WCARES TX
2228,99961,Abruzzo Talk 
2229,99999,Arizona Cactu
2230,214206,214206
2231,222054,Romagna Netwo
2232,234009,GB7GW - Link
2233,235119,Local Talk
2234,235216,GB7HN
2235,235287,GB7NR Notting
2236,240028,SK5BN
2237,240717,SK7RFL Local
2238,240721,SK7RFL SvxLin
2239,286010,TRAC ADANA EM
2240,286011,TRAC ADANA BR
2241,302180,420 Network
2242,310311,EMA IP Networ
2243,310441,WNY-DIGITAL
2244,310508,FCARC
2245,310530,Tallapoosa Co
2246,311105,Black Swamp R
2247,311293,The Darksider
2248,311434,Pine Valley l
2249,311630,AA9JR Repeate
2250,311649,N9BIG Repeate
2251,311653,NWOARC  
2252,311784,Logan County 
2253,311884,W5JDW AuxComm
2254,311954,Escondido DMR
2255,311995,SWLA-LINK
2256,312186,SCARC
2257,312264,KV4S
2258,312266,kb8vll Group
2259,312543,PART
2260,312576,Cracker Radio
2261,312801,Lucedale MS
2262,313468,KB3HJC YSF/AL
2263,313492,The Western P
2264,313868,US-ChattBridg
2265,313938,N8OJ Repeater
2266,314059,W4WEB Repeate
2267,314255,MUDDUCKS
2268,314390,OCTANE
2269,314423,N2FED Repeate
2270,330028,PR-NP4GT
2271,330050,KP4NET
2272,330068,BACALAO
2273,470002,BDXC- Banglad
2274,515011,DX1MK
2275,655007,655007
2276,724262,PW8DMR Rolim 
2277,1117309,The Bad Cap R
2278,1148979,1148979
2279,2142346,Arsa
2280,2344067,2344067 Isle 
2281,2347179,2347179
2282,2347190,2E0KJR
2283,2347437,G7HKP
2284,2349353,Radio Amateur
2285,2349484,Shakey's TG
2286,2352926,M3YGQ
2287,2356263,M1ELS TalkGro
2288,2405174,SM5GXQ Local
2289,2407151,SK7JL_Local
2290,2680054,CT1EMU-Jose L
2291,2680457,CT2GQJ TalkGr
2292,2683262,CT1CVT
2293,2863140,TURKTALK
2294,3025086,Tech Forum
2295,3025136,3025136
2296,3027106,Rookie Wester
2297,3101577,Jays Chat Zon
2298,3103321,Patoka Lake I
2299,3103733,Wnc Amateur R
2300,3104383,3104383
2301,3107484,KJ6FXA-619
2302,3108759,WN6OTL CO
2303,3111068,N0VEP
2304,3112444,Kg4cwc 
2305,3117501,Late Night Ta
2306,3118890,Ogilville Ind
2307,3118983,W9DWH
2308,3120664,Flying Hams
2309,3122222,3122222
2310,3122311,Magnum
2311,3127022,Hennepin Coun
2312,3129174,KB0DXS
2313,3130413,KD5PQJ DMR Da
2314,3140034,AA5PD
2315,3142084,Northeast Pa 
2316,3143399,Crusader Cast
2317,3143634,Private chat
2318,3145153,Kk4fu
2319,3147012,Chattanooga R
2320,3147566,N4ANZ Ragchew
2321,3148997,AG5AA
2322,3154981,AB1Q
2323,3155068,XLX Fun
2324,3156193,The Hamster C
2325,3156216,The Hamster C
2326,3156364,KB3JF 
2327,3157511,KM4KUG
2328,3157563,KK4RJY
2329,3159383,WA3RF-1
2330,3159587,K4LCD
2331,3159588,K4LCD
2332,3160778,USTripleNicke
2333,3163428,Guitar Nerds 
2334,3165800,SkunkHam
2335,3167046,Mchealey K7MH
2336,3168656,KJ7PHE TGIF
2337,3170462,KJ7PPF
2338,3172288,WA3RF-2
2339,3173185,The KC3CDU Ta
2340,3173395,KC9FQ
2341,3173950,N4WRL
2342,3175559,Salty Hams Li
2343,3176063,3176063
2344,3177236,KB3KAV
2345,3177889,KY4RG
2346,3179375,MadMax
2347,3179513,Hams of Herna
2348,3180201,Montgomery Tx
2349,3181403,ASL 603860 to
2350,3181966,N8OHA
2351,3182708,Central Illin
2352,3184077,Spanish Chat
2353,3184383,Central Illin
2354,3185956,VA-NRV Tac-10
2355,3188172,SMARC Washing
2356,3190205,US-NM505-KB0W
2357,3190431,W4KEJ
2358,3191021,LMR talkaroun
2359,3194067,CENTRAL ALABA
2360,3194823,KE8VSW talk g
2361,3196188,Okmulgee Coun
2362,3196816,KG5BGO
2363,3197538,Amateur Digit
2364,3198574,Revelle
2365,3201975,SE-CO-DMR
2366,3203626,Clover Chatte
2367,3204137,Sajoma/Kissim
2368,3205767,IACONO6
2369,3208589,Rich SW Fl
2370,3208773,New England D
2371,3209551,Chi-town Hamm
2372,3209855,Ferrell Farms
2373,3341172, AllStarLink 
2374,3660010,Amateur Radio
2375,4040787,Dr Karthik Ch
2376,4201002,JEDDAH-DMR
2377,4400385,Fukuoka VoIP 
2378,4402016,Japan Mexico 
2379,4402022,Nagoya Digtal
2380,4404065,Oda-City 698 
2381,4602764,TG460023
2382,5020537,9W2DX
2383,5050329,VK3DNH
2384,5050902,VK2WJ Chat
2385,5050965,VK5RM
2386,5051486,Vk5 Limestone
2387,5053056,VK3EME
2388,5054070,5054070
2389,5054216,VK4VF
2390,5150095,Radio Amateur
2391,5151427,TGIF DMR TG 4
2392,5151501,TG 5151501
2393,5201646,E25RZY
2394,7160024,Bill OA4DVG
2395,7160033,OA4DVH Talkgr
2396,7300220,CE3IBW
2397,7300656,radioafici√≥n
2398,7302062,CE2DJA Fernan
